store_id,product_id,stock_available,reorder_level
1,1,263,67
1,2,22,67
1,3,496,59
1,4,56,36
1,5,61,77
1,6,350,55
1,7,457,41
1,8,179,28
1,9,161,58
1,10,278,71
1,11,240,25
1,12,365,38
1,13,158,72
1,14,209,34
1,15,370,46
1,16,325,89
1,17,189,81
1,18,185,44
1,19,66,77
1,20,223,91
1,21,394,79
1,22,158,83
1,23,202,58
1,24,96,89
1,25,30,52
1,26,272,83
1,27,466,67
1,28,77,49
1,29,451,48
1,30,99,65
1,31,132,36
1,32,48,33
1,33,336,46
1,34,453,67
1,35,383,38
1,36,338,52
1,37,109,50
1,38,401,92
1,39,108,43
1,40,458,73
1,41,204,95
1,42,436,54
1,43,222,21
1,44,256,93
1,45,212,25
1,46,385,72
1,47,112,89
1,48,304,60
1,49,252,36
1,50,31,38
1,51,179,54
1,52,262,53
1,53,448,59
1,54,467,73
1,55,134,54
1,56,143,94
1,57,335,86
1,58,78,99
1,59,393,48
1,60,269,41
1,61,339,22
1,62,113,63
1,63,234,24
1,64,266,39
1,65,156,60
1,66,9,54
1,67,350,100
1,68,349,74
1,69,360,69
1,70,117,91
1,71,180,40
1,72,407,45
1,73,305,34
1,74,138,74
1,75,51,68
1,76,13,92
1,77,6,86
1,78,140,93
1,79,330,93
1,80,220,60
1,81,54,74
1,82,135,48
1,83,424,25
1,84,7,53
1,85,124,87
1,86,476,78
1,87,383,35
1,88,451,82
1,89,284,45
1,90,321,87
1,91,181,42
1,92,85,27
1,93,160,33
1,94,95,53
1,95,137,68
1,96,240,50
1,97,464,100
1,98,492,21
1,99,422,79
1,100,95,53
1,101,422,23
1,102,41,41
1,103,217,99
1,104,73,69
1,105,396,75
1,106,109,81
1,107,15,85
1,108,83,43
1,109,220,62
1,110,404,28
1,111,168,76
1,112,173,52
1,113,190,24
1,114,419,49
1,115,493,22
1,116,87,70
1,117,89,89
1,118,227,39
1,119,417,50
1,120,294,58
1,121,361,100
1,122,16,64
1,123,424,100
1,124,296,56
1,125,472,92
1,126,78,27
1,127,440,77
1,128,365,91
1,129,61,67
1,130,210,46
1,131,413,77
1,132,232,43
1,133,302,77
1,134,366,61
1,135,150,89
1,136,199,36
1,137,364,56
1,138,33,85
1,139,147,27
1,140,397,75
1,141,290,88
1,142,356,90
1,143,72,81
1,144,104,49
1,145,310,58
1,146,78,81
1,147,318,64
1,148,55,44
1,149,120,87
1,150,471,89
1,151,146,54
1,152,455,45
1,153,228,93
1,154,488,56
1,155,219,71
1,156,38,30
1,157,373,29
1,158,238,77
1,159,237,21
1,160,411,35
1,161,490,52
1,162,252,81
1,163,153,97
1,164,162,88
1,165,176,80
1,166,327,95
1,167,110,21
1,168,405,76
1,169,371,38
1,170,304,96
1,171,250,79
1,172,132,81
1,173,127,65
1,174,310,42
1,175,45,85
1,176,126,94
1,177,451,82
1,178,313,87
1,179,155,76
1,180,301,44
1,181,132,56
1,182,330,76
1,183,494,72
1,184,172,65
1,185,324,34
1,186,471,80
1,187,227,72
1,188,462,49
1,189,33,85
1,190,186,35
1,191,80,65
1,192,107,75
1,193,78,88
1,194,214,67
1,195,63,69
1,196,83,93
1,197,413,47
1,198,94,96
1,199,137,54
1,200,151,92
1,201,48,82
1,202,387,45
1,203,208,42
1,204,295,60
1,205,85,41
1,206,381,95
1,207,10,76
1,208,257,58
1,209,9,85
1,210,7,24
1,211,228,66
1,212,196,44
1,213,421,97
1,214,29,52
1,215,156,91
1,216,108,97
1,217,198,81
1,218,47,27
1,219,354,27
1,220,113,43
1,221,55,71
1,222,368,36
1,223,202,50
1,224,128,89
1,225,175,33
1,226,476,78
1,227,200,83
1,228,482,22
1,229,327,28
1,230,309,89
1,231,97,96
1,232,258,25
1,233,448,88
1,234,420,82
1,235,241,75
1,236,391,82
1,237,423,72
1,238,303,45
1,239,303,36
1,240,169,72
1,241,53,31
1,242,328,78
1,243,264,31
1,244,214,53
1,245,78,43
1,246,480,45
1,247,358,44
1,248,156,46
1,249,312,83
1,250,139,23
1,251,381,28
1,252,479,75
1,253,233,90
1,254,243,56
1,255,135,84
1,256,279,95
1,257,372,24
1,258,334,38
1,259,82,62
1,260,430,48
1,261,245,78
1,262,237,42
1,263,492,38
1,264,472,44
1,265,292,46
1,266,201,98
1,267,393,51
1,268,371,24
1,269,143,23
1,270,403,92
1,271,312,80
1,272,360,63
1,273,363,21
1,274,122,97
1,275,403,66
1,276,319,23
1,277,286,21
1,278,14,71
1,279,239,75
1,280,359,79
1,281,335,55
1,282,46,99
1,283,375,61
1,284,132,31
1,285,424,91
1,286,335,43
1,287,182,75
1,288,466,88
1,289,167,65
1,290,52,71
1,291,387,40
1,292,88,95
1,293,387,46
1,294,356,79
1,295,142,67
1,296,440,79
1,297,389,97
1,298,203,83
1,299,479,27
1,300,229,73
2,1,233,84
2,2,496,34
2,3,444,100
2,4,156,90
2,5,460,24
2,6,74,95
2,7,375,87
2,8,264,96
2,9,471,94
2,10,309,59
2,11,17,20
2,12,348,84
2,13,8,64
2,14,150,32
2,15,451,92
2,16,213,50
2,17,197,35
2,18,99,48
2,19,163,37
2,20,131,41
2,21,366,84
2,22,352,87
2,23,365,58
2,24,420,99
2,25,140,93
2,26,250,82
2,27,63,84
2,28,469,50
2,29,222,57
2,30,464,21
2,31,166,71
2,32,214,89
2,33,356,82
2,34,472,83
2,35,370,81
2,36,207,36
2,37,147,99
2,38,177,98
2,39,280,24
2,40,462,95
2,41,99,22
2,42,496,90
2,43,380,64
2,44,451,54
2,45,310,56
2,46,182,56
2,47,108,52
2,48,480,30
2,49,115,87
2,50,305,29
2,51,285,82
2,52,142,89
2,53,58,26
2,54,236,53
2,55,344,100
2,56,101,100
2,57,397,99
2,58,416,35
2,59,382,40
2,60,52,62
2,61,352,27
2,62,215,97
2,63,345,52
2,64,69,85
2,65,437,22
2,66,98,93
2,67,129,79
2,68,129,45
2,69,414,65
2,70,22,46
2,71,97,88
2,72,211,49
2,73,433,23
2,74,75,99
2,75,194,97
2,76,83,53
2,77,262,26
2,78,430,92
2,79,54,52
2,80,284,53
2,81,119,86
2,82,186,91
2,83,137,67
2,84,75,57
2,85,112,24
2,86,418,68
2,87,369,88
2,88,387,38
2,89,357,90
2,90,88,55
2,91,194,33
2,92,470,69
2,93,479,29
2,94,335,36
2,95,114,88
2,96,136,69
2,97,56,98
2,98,112,39
2,99,370,27
2,100,78,39
2,101,84,68
2,102,6,41
2,103,169,52
2,104,63,94
2,105,12,25
2,106,332,60
2,107,466,35
2,108,61,24
2,109,61,37
2,110,436,82
2,111,231,51
2,112,305,64
2,113,450,98
2,114,235,100
2,115,94,90
2,116,82,23
2,117,463,27
2,118,217,77
2,119,447,91
2,120,103,66
2,121,331,73
2,122,38,81
2,123,79,31
2,124,28,45
2,125,252,69
2,126,402,30
2,127,422,50
2,128,273,44
2,129,298,32
2,130,7,25
2,131,402,41
2,132,466,35
2,133,218,81
2,134,11,40
2,135,112,88
2,136,62,78
2,137,414,100
2,138,251,96
2,139,123,93
2,140,483,43
2,141,64,43
2,142,280,48
2,143,271,20
2,144,204,75
2,145,226,85
2,146,191,96
2,147,190,56
2,148,116,89
2,149,151,49
2,150,472,59
2,151,266,36
2,152,277,70
2,153,213,48
2,154,0,57
2,155,457,88
2,156,82,34
2,157,371,27
2,158,419,64
2,159,382,29
2,160,460,46
2,161,362,79
2,162,352,72
2,163,332,75
2,164,176,44
2,165,298,33
2,166,426,100
2,167,185,46
2,168,452,25
2,169,69,93
2,170,229,72
2,171,310,65
2,172,189,100
2,173,433,86
2,174,423,74
2,175,452,38
2,176,478,37
2,177,368,88
2,178,67,94
2,179,189,90
2,180,445,79
2,181,289,83
2,182,94,99
2,183,203,24
2,184,95,66
2,185,46,41
2,186,2,64
2,187,440,33
2,188,303,86
2,189,95,40
2,190,382,38
2,191,150,80
2,192,367,21
2,193,171,25
2,194,131,84
2,195,176,61
2,196,369,47
2,197,175,75
2,198,127,41
2,199,223,69
2,200,277,20
2,201,354,63
2,202,293,50
2,203,473,63
2,204,113,46
2,205,89,67
2,206,471,43
2,207,288,89
2,208,415,89
2,209,280,70
2,210,170,41
2,211,368,79
2,212,352,35
2,213,102,72
2,214,270,59
2,215,432,51
2,216,449,32
2,217,6,28
2,218,72,36
2,219,37,52
2,220,89,22
2,221,387,77
2,222,263,20
2,223,159,30
2,224,431,32
2,225,8,100
2,226,86,80
2,227,222,61
2,228,176,97
2,229,191,81
2,230,97,41
2,231,223,58
2,232,45,20
2,233,9,88
2,234,249,83
2,235,274,24
2,236,480,57
2,237,413,48
2,238,403,79
2,239,488,99
2,240,219,74
2,241,44,94
2,242,314,98
2,243,244,99
2,244,413,99
2,245,467,24
2,246,182,60
2,247,395,50
2,248,218,81
2,249,46,73
2,250,199,25
2,251,107,52
2,252,28,96
2,253,212,40
2,254,149,63
2,255,342,87
2,256,295,28
2,257,84,80
2,258,297,74
2,259,257,80
2,260,95,91
2,261,108,27
2,262,446,88
2,263,237,96
2,264,40,70
2,265,17,41
2,266,233,65
2,267,348,88
2,268,389,79
2,269,397,57
2,270,269,55
2,271,282,92
2,272,331,72
2,273,246,62
2,274,381,36
2,275,26,99
2,276,212,32
2,277,124,47
2,278,277,26
2,279,207,21
2,280,473,94
2,281,226,48
2,282,17,32
2,283,396,62
2,284,68,53
2,285,183,85
2,286,444,64
2,287,335,36
2,288,254,21
2,289,405,57
2,290,142,86
2,291,355,56
2,292,296,63
2,293,219,62
2,294,382,88
2,295,148,33
2,296,461,62
2,297,21,41
2,298,34,91
2,299,299,70
2,300,397,86
3,1,281,39
3,2,346,54
3,3,100,83
3,4,36,80
3,5,247,78
3,6,143,89
3,7,49,84
3,8,72,35
3,9,197,35
3,10,155,93
3,11,91,44
3,12,228,23
3,13,189,44
3,14,127,43
3,15,281,100
3,16,162,23
3,17,173,87
3,18,443,92
3,19,432,92
3,20,84,74
3,21,111,93
3,22,210,61
3,23,154,21
3,24,299,34
3,25,362,65
3,26,252,78
3,27,0,71
3,28,419,80
3,29,169,93
3,30,166,23
3,31,336,64
3,32,125,23
3,33,33,67
3,34,210,56
3,35,199,93
3,36,355,81
3,37,315,100
3,38,123,42
3,39,30,20
3,40,279,62
3,41,48,48
3,42,195,88
3,43,307,20
3,44,398,44
3,45,52,84
3,46,473,31
3,47,271,74
3,48,494,67
3,49,337,61
3,50,443,78
3,51,86,28
3,52,147,92
3,53,310,61
3,54,417,52
3,55,211,64
3,56,56,49
3,57,40,83
3,58,210,67
3,59,373,27
3,60,76,93
3,61,258,62
3,62,243,62
3,63,184,66
3,64,187,70
3,65,396,44
3,66,185,60
3,67,472,33
3,68,122,81
3,69,74,64
3,70,482,44
3,71,299,37
3,72,36,55
3,73,30,73
3,74,25,63
3,75,116,90
3,76,149,66
3,77,157,82
3,78,99,64
3,79,492,33
3,80,242,94
3,81,467,76
3,82,456,24
3,83,432,64
3,84,253,26
3,85,70,38
3,86,123,39
3,87,131,46
3,88,345,61
3,89,178,50
3,90,37,53
3,91,89,28
3,92,203,53
3,93,494,85
3,94,117,29
3,95,415,34
3,96,229,31
3,97,419,58
3,98,159,52
3,99,372,85
3,100,490,65
3,101,464,40
3,102,95,63
3,103,488,97
3,104,30,20
3,105,481,41
3,106,314,38
3,107,229,45
3,108,450,93
3,109,110,78
3,110,457,28
3,111,183,64
3,112,156,67
3,113,193,24
3,114,208,62
3,115,397,58
3,116,60,53
3,117,373,90
3,118,326,70
3,119,336,27
3,120,43,98
3,121,175,85
3,122,276,92
3,123,45,71
3,124,54,48
3,125,417,61
3,126,167,66
3,127,23,43
3,128,370,74
3,129,24,46
3,130,82,40
3,131,219,56
3,132,359,71
3,133,138,26
3,134,26,57
3,135,261,95
3,136,330,30
3,137,144,91
3,138,132,74
3,139,443,70
3,140,420,87
3,141,188,96
3,142,266,33
3,143,158,93
3,144,433,32
3,145,356,85
3,146,424,37
3,147,298,64
3,148,182,34
3,149,342,42
3,150,278,74
3,151,331,29
3,152,332,75
3,153,443,70
3,154,227,32
3,155,305,91
3,156,129,59
3,157,382,49
3,158,481,25
3,159,439,50
3,160,35,92
3,161,157,27
3,162,401,55
3,163,153,92
3,164,38,60
3,165,95,69
3,166,197,90
3,167,485,67
3,168,252,30
3,169,273,74
3,170,145,20
3,171,252,58
3,172,488,94
3,173,458,20
3,174,304,59
3,175,114,65
3,176,114,32
3,177,125,32
3,178,357,72
3,179,441,25
3,180,280,45
3,181,298,41
3,182,147,87
3,183,151,92
3,184,214,87
3,185,468,54
3,186,153,91
3,187,426,31
3,188,247,81
3,189,125,100
3,190,155,54
3,191,449,75
3,192,231,86
3,193,177,52
3,194,177,29
3,195,129,60
3,196,86,86
3,197,277,34
3,198,151,24
3,199,33,22
3,200,278,59
3,201,320,24
3,202,207,48
3,203,489,98
3,204,252,62
3,205,173,25
3,206,265,20
3,207,253,70
3,208,467,29
3,209,14,59
3,210,348,20
3,211,119,31
3,212,464,100
3,213,490,34
3,214,164,33
3,215,443,32
3,216,349,24
3,217,157,37
3,218,361,26
3,219,470,27
3,220,73,24
3,221,239,85
3,222,417,93
3,223,76,42
3,224,30,84
3,225,218,72
3,226,490,33
3,227,439,82
3,228,185,61
3,229,296,98
3,230,137,48
3,231,50,85
3,232,398,82
3,233,441,91
3,234,30,45
3,235,484,46
3,236,158,44
3,237,306,73
3,238,353,65
3,239,284,98
3,240,229,92
3,241,86,90
3,242,54,26
3,243,32,51
3,244,94,40
3,245,356,76
3,246,269,22
3,247,307,27
3,248,459,68
3,249,64,68
3,250,304,95
3,251,55,24
3,252,400,87
3,253,353,24
3,254,350,62
3,255,1,85
3,256,131,58
3,257,357,69
3,258,40,29
3,259,351,82
3,260,131,42
3,261,47,80
3,262,51,72
3,263,200,64
3,264,21,57
3,265,333,73
3,266,73,29
3,267,279,84
3,268,213,48
3,269,189,53
3,270,413,32
3,271,31,99
3,272,92,36
3,273,90,81
3,274,320,62
3,275,332,86
3,276,31,38
3,277,16,54
3,278,455,50
3,279,46,24
3,280,213,68
3,281,208,81
3,282,465,99
3,283,72,46
3,284,190,70
3,285,330,52
3,286,312,72
3,287,382,81
3,288,210,52
3,289,420,52
3,290,224,47
3,291,34,27
3,292,267,26
3,293,103,47
3,294,499,71
3,295,166,79
3,296,47,31
3,297,234,20
3,298,447,73
3,299,23,37
3,300,217,39
4,1,69,84
4,2,175,86
4,3,446,34
4,4,274,47
4,5,440,90
4,6,402,55
4,7,140,81
4,8,94,66
4,9,38,62
4,10,126,81
4,11,377,72
4,12,239,66
4,13,491,67
4,14,230,37
4,15,486,40
4,16,110,22
4,17,126,59
4,18,389,94
4,19,154,94
4,20,348,99
4,21,318,63
4,22,68,54
4,23,460,47
4,24,116,43
4,25,223,78
4,26,171,81
4,27,451,25
4,28,101,52
4,29,347,21
4,30,265,72
4,31,43,68
4,32,408,34
4,33,238,39
4,34,486,64
4,35,26,40
4,36,144,59
4,37,189,87
4,38,328,73
4,39,410,79
4,40,463,95
4,41,149,91
4,42,487,93
4,43,410,41
4,44,145,29
4,45,32,76
4,46,152,68
4,47,325,36
4,48,424,90
4,49,200,21
4,50,56,91
4,51,6,33
4,52,355,23
4,53,337,28
4,54,305,35
4,55,498,84
4,56,224,81
4,57,4,88
4,58,318,78
4,59,216,65
4,60,237,28
4,61,102,47
4,62,14,39
4,63,425,80
4,64,100,66
4,65,10,52
4,66,283,69
4,67,290,94
4,68,500,30
4,69,418,100
4,70,349,58
4,71,93,88
4,72,171,91
4,73,21,88
4,74,38,59
4,75,138,84
4,76,233,26
4,77,120,45
4,78,263,47
4,79,364,69
4,80,474,21
4,81,341,86
4,82,138,57
4,83,41,26
4,84,95,95
4,85,236,84
4,86,35,54
4,87,299,83
4,88,264,70
4,89,342,89
4,90,155,44
4,91,102,81
4,92,260,75
4,93,146,56
4,94,173,44
4,95,254,75
4,96,385,52
4,97,229,53
4,98,188,91
4,99,90,23
4,100,182,34
4,101,357,22
4,102,32,58
4,103,128,50
4,104,30,63
4,105,493,73
4,106,309,96
4,107,17,84
4,108,165,62
4,109,228,100
4,110,432,40
4,111,201,88
4,112,325,44
4,113,78,50
4,114,320,49
4,115,163,49
4,116,87,66
4,117,490,39
4,118,454,89
4,119,399,39
4,120,344,42
4,121,240,72
4,122,257,63
4,123,174,73
4,124,101,42
4,125,200,93
4,126,356,99
4,127,79,59
4,128,411,46
4,129,190,93
4,130,429,93
4,131,44,47
4,132,313,34
4,133,287,66
4,134,390,89
4,135,393,41
4,136,163,66
4,137,170,39
4,138,26,63
4,139,49,57
4,140,464,65
4,141,441,94
4,142,430,51
4,143,324,86
4,144,69,65
4,145,214,61
4,146,209,43
4,147,252,23
4,148,18,61
4,149,169,91
4,150,232,88
4,151,240,40
4,152,47,20
4,153,229,27
4,154,419,66
4,155,438,39
4,156,172,57
4,157,223,59
4,158,388,77
4,159,177,22
4,160,259,34
4,161,340,44
4,162,277,76
4,163,383,36
4,164,472,45
4,165,465,71
4,166,398,90
4,167,99,50
4,168,361,98
4,169,257,70
4,170,229,83
4,171,228,45
4,172,136,57
4,173,325,55
4,174,235,95
4,175,366,89
4,176,159,90
4,177,58,34
4,178,395,71
4,179,407,24
4,180,409,32
4,181,199,25
4,182,161,38
4,183,349,27
4,184,328,38
4,185,390,27
4,186,68,41
4,187,496,69
4,188,332,57
4,189,4,31
4,190,253,51
4,191,365,77
4,192,298,90
4,193,417,34
4,194,433,41
4,195,338,33
4,196,31,52
4,197,397,92
4,198,316,67
4,199,470,67
4,200,130,92
4,201,353,21
4,202,105,90
4,203,438,69
4,204,97,49
4,205,339,22
4,206,451,44
4,207,113,56
4,208,20,96
4,209,174,30
4,210,277,55
4,211,53,46
4,212,126,71
4,213,446,81
4,214,76,67
4,215,55,62
4,216,29,66
4,217,396,84
4,218,490,90
4,219,385,54
4,220,262,47
4,221,284,71
4,222,97,67
4,223,163,52
4,224,32,52
4,225,40,76
4,226,327,27
4,227,77,52
4,228,316,36
4,229,143,36
4,230,120,44
4,231,485,30
4,232,411,45
4,233,96,82
4,234,17,69
4,235,181,38
4,236,324,56
4,237,268,60
4,238,356,82
4,239,420,45
4,240,466,27
4,241,250,92
4,242,270,98
4,243,231,35
4,244,408,71
4,245,420,96
4,246,390,72
4,247,356,42
4,248,341,32
4,249,425,51
4,250,27,72
4,251,201,57
4,252,392,33
4,253,63,60
4,254,32,48
4,255,346,45
4,256,229,67
4,257,14,56
4,258,425,33
4,259,211,100
4,260,217,26
4,261,283,22
4,262,236,35
4,263,351,91
4,264,60,37
4,265,6,76
4,266,78,35
4,267,388,77
4,268,434,32
4,269,42,65
4,270,50,97
4,271,284,92
4,272,30,92
4,273,103,62
4,274,179,36
4,275,418,82
4,276,245,31
4,277,362,37
4,278,101,41
4,279,136,88
4,280,15,64
4,281,18,80
4,282,203,37
4,283,390,72
4,284,55,26
4,285,96,31
4,286,318,71
4,287,230,31
4,288,188,61
4,289,346,41
4,290,311,40
4,291,17,48
4,292,119,50
4,293,389,76
4,294,64,28
4,295,119,87
4,296,238,76
4,297,425,85
4,298,50,69
4,299,256,32
4,300,50,27
5,1,47,62
5,2,336,76
5,3,139,91
5,4,460,46
5,5,36,48
5,6,15,23
5,7,64,32
5,8,438,82
5,9,359,32
5,10,347,70
5,11,30,56
5,12,206,61
5,13,78,39
5,14,411,61
5,15,404,98
5,16,35,74
5,17,311,89
5,18,402,67
5,19,370,47
5,20,256,36
5,21,244,31
5,22,340,88
5,23,86,54
5,24,34,27
5,25,10,42
5,26,246,39
5,27,185,74
5,28,417,33
5,29,410,59
5,30,274,90
5,31,496,97
5,32,178,96
5,33,216,75
5,34,266,30
5,35,215,30
5,36,346,25
5,37,151,99
5,38,333,66
5,39,494,67
5,40,477,33
5,41,478,47
5,42,37,83
5,43,272,85
5,44,277,25
5,45,4,40
5,46,171,58
5,47,25,88
5,48,52,97
5,49,134,63
5,50,128,22
5,51,189,45
5,52,5,90
5,53,242,65
5,54,312,75
5,55,7,64
5,56,497,32
5,57,450,64
5,58,326,86
5,59,358,69
5,60,277,34
5,61,465,85
5,62,73,93
5,63,407,35
5,64,410,66
5,65,32,57
5,66,241,80
5,67,490,52
5,68,279,98
5,69,255,76
5,70,486,78
5,71,304,62
5,72,423,21
5,73,353,90
5,74,299,44
5,75,372,54
5,76,19,72
5,77,2,93
5,78,121,66
5,79,205,25
5,80,451,46
5,81,47,35
5,82,280,88
5,83,181,47
5,84,154,78
5,85,420,21
5,86,261,75
5,87,57,29
5,88,190,34
5,89,166,60
5,90,471,54
5,91,197,75
5,92,90,73
5,93,451,50
5,94,399,74
5,95,58,57
5,96,177,80
5,97,33,92
5,98,202,92
5,99,356,98
5,100,113,24
5,101,180,41
5,102,205,52
5,103,394,75
5,104,70,38
5,105,248,91
5,106,443,66
5,107,223,75
5,108,102,54
5,109,450,31
5,110,209,35
5,111,38,25
5,112,180,72
5,113,79,45
5,114,191,26
5,115,187,86
5,116,498,100
5,117,334,44
5,118,458,54
5,119,177,69
5,120,303,84
5,121,35,100
5,122,470,50
5,123,425,32
5,124,155,72
5,125,45,47
5,126,450,85
5,127,258,75
5,128,207,37
5,129,62,56
5,130,459,60
5,131,391,45
5,132,97,99
5,133,341,92
5,134,419,85
5,135,471,26
5,136,24,96
5,137,53,80
5,138,142,89
5,139,474,80
5,140,323,49
5,141,67,41
5,142,375,36
5,143,205,79
5,144,262,70
5,145,471,85
5,146,94,83
5,147,183,83
5,148,475,45
5,149,271,67
5,150,291,32
5,151,93,20
5,152,396,74
5,153,445,41
5,154,295,27
5,155,221,49
5,156,259,62
5,157,246,52
5,158,228,20
5,159,135,83
5,160,64,36
5,161,41,59
5,162,183,37
5,163,472,32
5,164,115,21
5,165,135,63
5,166,345,56
5,167,8,56
5,168,384,46
5,169,107,54
5,170,103,63
5,171,406,81
5,172,214,28
5,173,394,63
5,174,60,54
5,175,39,66
5,176,340,25
5,177,407,96
5,178,74,39
5,179,345,35
5,180,261,59
5,181,452,97
5,182,89,42
5,183,312,48
5,184,87,78
5,185,495,66
5,186,346,55
5,187,129,62
5,188,209,35
5,189,314,56
5,190,162,64
5,191,268,68
5,192,347,64
5,193,222,53
5,194,303,74
5,195,182,54
5,196,232,30
5,197,152,52
5,198,108,38
5,199,35,64
5,200,76,48
5,201,364,74
5,202,37,96
5,203,38,53
5,204,141,72
5,205,355,91
5,206,153,51
5,207,280,49
5,208,431,83
5,209,18,33
5,210,257,41
5,211,127,44
5,212,500,74
5,213,310,94
5,214,77,80
5,215,337,64
5,216,12,99
5,217,500,96
5,218,239,32
5,219,279,91
5,220,403,78
5,221,441,97
5,222,182,45
5,223,38,86
5,224,189,29
5,225,493,51
5,226,440,83
5,227,73,86
5,228,118,66
5,229,383,88
5,230,190,71
5,231,390,56
5,232,116,53
5,233,329,48
5,234,47,93
5,235,36,29
5,236,54,84
5,237,126,66
5,238,22,39
5,239,117,48
5,240,445,65
5,241,6,59
5,242,18,36
5,243,103,81
5,244,440,73
5,245,317,90
5,246,118,87
5,247,270,58
5,248,471,78
5,249,316,53
5,250,486,78
5,251,407,54
5,252,252,55
5,253,126,100
5,254,208,81
5,255,336,32
5,256,247,29
5,257,116,93
5,258,416,70
5,259,248,56
5,260,103,83
5,261,274,72
5,262,373,87
5,263,121,89
5,264,41,25
5,265,164,29
5,266,109,39
5,267,298,84
5,268,27,78
5,269,473,73
5,270,91,39
5,271,452,21
5,272,217,84
5,273,482,42
5,274,257,82
5,275,195,84
5,276,368,69
5,277,357,37
5,278,140,36
5,279,218,56
5,280,470,30
5,281,24,92
5,282,129,61
5,283,232,88
5,284,381,94
5,285,53,77
5,286,278,26
5,287,382,50
5,288,135,68
5,289,255,31
5,290,212,93
5,291,356,22
5,292,378,93
5,293,277,73
5,294,353,49
5,295,137,64
5,296,416,60
5,297,97,72
5,298,142,52
5,299,389,84
5,300,403,25
6,1,97,24
6,2,454,32
6,3,12,20
6,4,445,56
6,5,450,76
6,6,397,28
6,7,260,87
6,8,231,60
6,9,481,54
6,10,381,100
6,11,447,100
6,12,332,93
6,13,201,78
6,14,137,47
6,15,31,49
6,16,260,85
6,17,444,84
6,18,291,100
6,19,440,91
6,20,485,36
6,21,30,62
6,22,387,21
6,23,284,64
6,24,277,78
6,25,285,64
6,26,416,43
6,27,199,47
6,28,442,49
6,29,185,66
6,30,462,86
6,31,17,82
6,32,448,45
6,33,66,80
6,34,346,65
6,35,18,40
6,36,183,65
6,37,449,34
6,38,274,24
6,39,232,49
6,40,450,80
6,41,232,92
6,42,188,57
6,43,101,75
6,44,352,87
6,45,404,66
6,46,79,87
6,47,300,23
6,48,178,56
6,49,202,24
6,50,155,87
6,51,177,22
6,52,102,69
6,53,303,45
6,54,360,22
6,55,115,29
6,56,329,31
6,57,411,71
6,58,436,56
6,59,391,27
6,60,149,80
6,61,72,41
6,62,363,24
6,63,466,77
6,64,236,64
6,65,253,53
6,66,448,34
6,67,367,83
6,68,487,88
6,69,63,59
6,70,368,36
6,71,443,37
6,72,383,26
6,73,473,20
6,74,368,64
6,75,480,59
6,76,486,39
6,77,477,86
6,78,377,87
6,79,116,42
6,80,402,41
6,81,431,55
6,82,474,58
6,83,315,98
6,84,207,42
6,85,448,42
6,86,261,44
6,87,254,36
6,88,311,37
6,89,491,88
6,90,151,77
6,91,389,33
6,92,97,94
6,93,189,39
6,94,18,92
6,95,340,79
6,96,450,96
6,97,343,79
6,98,141,79
6,99,306,64
6,100,466,92
6,101,198,74
6,102,134,61
6,103,396,28
6,104,243,22
6,105,166,35
6,106,381,39
6,107,143,54
6,108,243,64
6,109,243,80
6,110,115,43
6,111,12,34
6,112,253,77
6,113,28,51
6,114,52,74
6,115,373,100
6,116,214,76
6,117,86,75
6,118,119,59
6,119,373,72
6,120,490,85
6,121,203,70
6,122,96,61
6,123,498,67
6,124,97,64
6,125,146,66
6,126,437,74
6,127,84,85
6,128,418,28
6,129,148,67
6,130,49,45
6,131,412,62
6,132,318,87
6,133,301,79
6,134,404,35
6,135,167,71
6,136,433,90
6,137,104,50
6,138,422,36
6,139,125,30
6,140,132,26
6,141,281,71
6,142,211,50
6,143,224,82
6,144,103,68
6,145,63,79
6,146,237,92
6,147,253,76
6,148,2,48
6,149,383,23
6,150,294,68
6,151,158,76
6,152,181,97
6,153,188,24
6,154,102,95
6,155,472,61
6,156,375,40
6,157,495,22
6,158,425,66
6,159,123,54
6,160,234,39
6,161,186,72
6,162,332,20
6,163,43,85
6,164,330,49
6,165,198,50
6,166,55,55
6,167,239,61
6,168,303,45
6,169,26,97
6,170,248,46
6,171,254,79
6,172,229,30
6,173,467,73
6,174,28,72
6,175,200,22
6,176,147,24
6,177,357,30
6,178,194,58
6,179,282,86
6,180,29,64
6,181,46,53
6,182,492,58
6,183,244,61
6,184,373,39
6,185,299,61
6,186,120,85
6,187,73,42
6,188,296,96
6,189,484,40
6,190,212,100
6,191,224,35
6,192,316,95
6,193,61,28
6,194,348,88
6,195,253,40
6,196,72,44
6,197,30,35
6,198,236,94
6,199,236,24
6,200,260,59
6,201,399,34
6,202,392,56
6,203,136,74
6,204,348,59
6,205,206,44
6,206,298,48
6,207,93,32
6,208,301,58
6,209,109,94
6,210,203,98
6,211,95,96
6,212,311,44
6,213,85,81
6,214,242,35
6,215,120,43
6,216,73,42
6,217,430,27
6,218,222,94
6,219,341,94
6,220,39,89
6,221,236,30
6,222,135,63
6,223,199,95
6,224,382,76
6,225,499,86
6,226,309,88
6,227,301,35
6,228,232,57
6,229,2,88
6,230,187,41
6,231,137,84
6,232,65,67
6,233,137,36
6,234,82,88
6,235,429,57
6,236,495,90
6,237,141,54
6,238,432,90
6,239,384,20
6,240,189,47
6,241,67,86
6,242,336,93
6,243,189,31
6,244,270,98
6,245,150,82
6,246,481,65
6,247,344,70
6,248,459,31
6,249,75,67
6,250,70,69
6,251,488,23
6,252,90,30
6,253,303,31
6,254,51,24
6,255,211,85
6,256,289,29
6,257,165,46
6,258,155,100
6,259,446,73
6,260,159,33
6,261,314,55
6,262,138,44
6,263,349,95
6,264,255,85
6,265,450,42
6,266,402,48
6,267,95,67
6,268,29,66
6,269,33,86
6,270,338,67
6,271,412,99
6,272,413,77
6,273,77,57
6,274,437,48
6,275,337,64
6,276,414,84
6,277,348,84
6,278,74,84
6,279,148,57
6,280,366,39
6,281,61,50
6,282,176,20
6,283,366,97
6,284,42,81
6,285,419,28
6,286,477,53
6,287,250,97
6,288,255,45
6,289,37,62
6,290,231,27
6,291,261,47
6,292,280,66
6,293,160,87
6,294,361,79
6,295,7,54
6,296,335,74
6,297,261,62
6,298,54,97
6,299,404,72
6,300,142,70
7,1,99,85
7,2,428,45
7,3,37,100
7,4,389,50
7,5,473,96
7,6,454,30
7,7,420,54
7,8,164,90
7,9,436,85
7,10,150,89
7,11,263,74
7,12,193,77
7,13,176,23
7,14,75,52
7,15,21,69
7,16,4,79
7,17,336,60
7,18,129,54
7,19,377,79
7,20,124,44
7,21,135,38
7,22,416,75
7,23,418,49
7,24,127,59
7,25,77,93
7,26,172,26
7,27,170,33
7,28,144,81
7,29,47,37
7,30,346,95
7,31,359,81
7,32,309,79
7,33,274,87
7,34,438,40
7,35,352,81
7,36,234,33
7,37,450,37
7,38,218,21
7,39,25,83
7,40,30,91
7,41,236,50
7,42,155,65
7,43,417,93
7,44,90,98
7,45,169,55
7,46,37,99
7,47,35,71
7,48,423,85
7,49,129,73
7,50,96,30
7,51,341,65
7,52,455,48
7,53,369,100
7,54,478,58
7,55,374,28
7,56,400,94
7,57,146,23
7,58,195,82
7,59,271,99
7,60,22,96
7,61,406,23
7,62,435,29
7,63,404,23
7,64,329,40
7,65,303,59
7,66,434,53
7,67,30,100
7,68,372,71
7,69,300,75
7,70,409,56
7,71,184,35
7,72,473,54
7,73,213,68
7,74,140,87
7,75,344,43
7,76,264,98
7,77,484,92
7,78,401,91
7,79,300,100
7,80,360,29
7,81,30,75
7,82,189,60
7,83,406,57
7,84,464,92
7,85,235,99
7,86,66,50
7,87,376,90
7,88,497,57
7,89,77,62
7,90,411,59
7,91,98,33
7,92,217,71
7,93,297,48
7,94,66,56
7,95,473,52
7,96,187,40
7,97,239,20
7,98,477,78
7,99,410,50
7,100,206,54
7,101,366,53
7,102,102,79
7,103,189,88
7,104,125,77
7,105,304,81
7,106,248,39
7,107,414,58
7,108,155,22
7,109,250,97
7,110,56,73
7,111,134,52
7,112,103,68
7,113,439,22
7,114,177,50
7,115,483,54
7,116,432,95
7,117,290,57
7,118,93,93
7,119,205,70
7,120,170,97
7,121,277,61
7,122,351,25
7,123,418,41
7,124,19,66
7,125,52,56
7,126,24,97
7,127,481,27
7,128,168,21
7,129,155,53
7,130,95,30
7,131,286,88
7,132,277,89
7,133,137,100
7,134,455,97
7,135,474,57
7,136,327,20
7,137,104,87
7,138,431,23
7,139,54,35
7,140,56,62
7,141,289,77
7,142,151,48
7,143,184,93
7,144,41,30
7,145,15,83
7,146,381,93
7,147,144,20
7,148,303,51
7,149,417,41
7,150,121,27
7,151,274,45
7,152,462,54
7,153,401,49
7,154,240,95
7,155,446,28
7,156,207,85
7,157,434,87
7,158,237,49
7,159,493,100
7,160,174,96
7,161,241,92
7,162,281,63
7,163,190,43
7,164,63,33
7,165,420,67
7,166,70,59
7,167,64,95
7,168,74,55
7,169,76,39
7,170,15,67
7,171,482,21
7,172,84,91
7,173,420,98
7,174,233,27
7,175,390,63
7,176,380,85
7,177,2,70
7,178,474,80
7,179,88,98
7,180,262,64
7,181,436,44
7,182,378,69
7,183,277,62
7,184,150,91
7,185,298,54
7,186,287,26
7,187,456,88
7,188,334,65
7,189,294,25
7,190,496,64
7,191,262,70
7,192,201,47
7,193,344,85
7,194,165,65
7,195,279,72
7,196,97,31
7,197,217,42
7,198,488,100
7,199,385,48
7,200,109,34
7,201,290,27
7,202,123,52
7,203,12,78
7,204,20,84
7,205,88,41
7,206,46,27
7,207,133,54
7,208,143,49
7,209,110,84
7,210,492,29
7,211,336,97
7,212,333,48
7,213,320,47
7,214,491,80
7,215,154,26
7,216,277,29
7,217,10,65
7,218,389,31
7,219,262,25
7,220,465,27
7,221,406,57
7,222,350,49
7,223,98,97
7,224,22,63
7,225,111,98
7,226,269,45
7,227,345,70
7,228,104,51
7,229,9,69
7,230,458,74
7,231,10,69
7,232,84,67
7,233,250,85
7,234,276,70
7,235,217,65
7,236,420,40
7,237,382,71
7,238,14,50
7,239,130,81
7,240,68,66
7,241,479,57
7,242,440,74
7,243,92,79
7,244,11,46
7,245,71,97
7,246,48,75
7,247,441,45
7,248,340,73
7,249,287,69
7,250,457,58
7,251,211,60
7,252,34,44
7,253,312,100
7,254,234,87
7,255,338,83
7,256,89,25
7,257,365,25
7,258,293,47
7,259,361,28
7,260,309,91
7,261,158,85
7,262,178,62
7,263,107,88
7,264,204,28
7,265,357,75
7,266,57,36
7,267,129,65
7,268,340,64
7,269,99,24
7,270,381,55
7,271,303,36
7,272,222,45
7,273,345,32
7,274,76,49
7,275,201,52
7,276,48,80
7,277,442,54
7,278,117,42
7,279,265,50
7,280,146,85
7,281,351,55
7,282,157,27
7,283,1,36
7,284,367,78
7,285,358,84
7,286,66,53
7,287,424,84
7,288,101,72
7,289,244,45
7,290,433,33
7,291,339,76
7,292,374,64
7,293,27,91
7,294,180,43
7,295,280,87
7,296,207,65
7,297,412,88
7,298,413,37
7,299,83,28
7,300,50,36
8,1,279,27
8,2,182,57
8,3,400,68
8,4,417,28
8,5,436,44
8,6,169,78
8,7,275,85
8,8,152,80
8,9,182,74
8,10,302,40
8,11,476,77
8,12,460,98
8,13,148,41
8,14,188,59
8,15,309,30
8,16,284,30
8,17,447,44
8,18,8,83
8,19,349,34
8,20,377,33
8,21,168,41
8,22,246,61
8,23,256,36
8,24,173,39
8,25,184,87
8,26,228,67
8,27,256,42
8,28,212,69
8,29,46,73
8,30,64,42
8,31,188,61
8,32,161,60
8,33,402,62
8,34,474,70
8,35,197,57
8,36,3,87
8,37,199,23
8,38,214,49
8,39,126,32
8,40,72,84
8,41,392,23
8,42,362,95
8,43,260,95
8,44,419,20
8,45,224,34
8,46,416,98
8,47,153,33
8,48,47,100
8,49,379,42
8,50,448,30
8,51,95,100
8,52,453,58
8,53,348,84
8,54,355,50
8,55,268,89
8,56,440,97
8,57,368,87
8,58,295,20
8,59,70,80
8,60,370,96
8,61,224,53
8,62,188,34
8,63,429,26
8,64,270,70
8,65,30,49
8,66,24,42
8,67,353,69
8,68,323,38
8,69,190,87
8,70,475,45
8,71,383,100
8,72,200,59
8,73,261,32
8,74,419,99
8,75,13,78
8,76,359,56
8,77,337,54
8,78,412,23
8,79,15,73
8,80,127,22
8,81,24,43
8,82,311,56
8,83,104,44
8,84,73,20
8,85,288,72
8,86,282,47
8,87,340,85
8,88,297,47
8,89,175,70
8,90,417,73
8,91,320,26
8,92,97,96
8,93,117,97
8,94,133,28
8,95,486,63
8,96,256,37
8,97,129,96
8,98,229,62
8,99,361,79
8,100,472,58
8,101,349,65
8,102,290,56
8,103,285,67
8,104,224,22
8,105,2,27
8,106,226,35
8,107,212,83
8,108,452,45
8,109,365,35
8,110,43,76
8,111,145,60
8,112,150,86
8,113,343,76
8,114,470,69
8,115,351,64
8,116,268,97
8,117,31,24
8,118,500,34
8,119,325,56
8,120,77,22
8,121,63,26
8,122,210,88
8,123,418,97
8,124,49,62
8,125,49,29
8,126,82,84
8,127,435,85
8,128,380,52
8,129,236,48
8,130,36,72
8,131,86,90
8,132,205,89
8,133,373,72
8,134,425,83
8,135,16,57
8,136,464,91
8,137,325,39
8,138,418,97
8,139,200,41
8,140,352,49
8,141,157,67
8,142,240,73
8,143,122,38
8,144,286,51
8,145,9,44
8,146,153,61
8,147,76,93
8,148,240,39
8,149,284,80
8,150,206,88
8,151,366,32
8,152,296,45
8,153,455,39
8,154,412,82
8,155,351,83
8,156,122,76
8,157,14,25
8,158,414,57
8,159,105,71
8,160,350,91
8,161,128,23
8,162,219,60
8,163,49,42
8,164,269,93
8,165,424,55
8,166,303,95
8,167,342,66
8,168,1,49
8,169,336,35
8,170,161,92
8,171,472,41
8,172,158,40
8,173,58,29
8,174,259,69
8,175,345,76
8,176,455,66
8,177,174,81
8,178,80,55
8,179,483,64
8,180,84,54
8,181,206,47
8,182,270,31
8,183,472,52
8,184,499,42
8,185,241,38
8,186,200,90
8,187,80,92
8,188,1,36
8,189,315,62
8,190,428,42
8,191,118,26
8,192,219,65
8,193,149,33
8,194,391,44
8,195,240,63
8,196,226,85
8,197,420,30
8,198,156,82
8,199,458,41
8,200,331,94
8,201,237,94
8,202,473,26
8,203,126,81
8,204,402,33
8,205,326,94
8,206,356,51
8,207,64,86
8,208,93,100
8,209,32,20
8,210,110,77
8,211,445,61
8,212,481,33
8,213,349,70
8,214,423,59
8,215,198,50
8,216,476,87
8,217,193,98
8,218,107,60
8,219,120,79
8,220,466,45
8,221,92,59
8,222,112,80
8,223,375,21
8,224,286,34
8,225,254,39
8,226,114,90
8,227,407,55
8,228,53,42
8,229,360,99
8,230,116,93
8,231,260,42
8,232,472,73
8,233,201,96
8,234,109,43
8,235,188,64
8,236,137,55
8,237,57,81
8,238,23,89
8,239,2,82
8,240,138,34
8,241,156,33
8,242,411,71
8,243,121,68
8,244,259,66
8,245,321,73
8,246,128,33
8,247,280,58
8,248,351,69
8,249,174,72
8,250,473,77
8,251,228,35
8,252,104,37
8,253,471,21
8,254,120,23
8,255,276,72
8,256,299,85
8,257,66,26
8,258,258,87
8,259,175,95
8,260,218,95
8,261,245,88
8,262,39,77
8,263,493,46
8,264,118,73
8,265,193,98
8,266,319,51
8,267,202,63
8,268,173,58
8,269,416,56
8,270,113,32
8,271,267,30
8,272,366,62
8,273,249,71
8,274,69,83
8,275,437,25
8,276,360,28
8,277,445,30
8,278,336,82
8,279,471,88
8,280,326,62
8,281,39,98
8,282,39,89
8,283,441,24
8,284,29,65
8,285,209,25
8,286,161,37
8,287,404,87
8,288,184,63
8,289,81,35
8,290,221,26
8,291,234,93
8,292,315,70
8,293,85,41
8,294,336,93
8,295,382,68
8,296,361,98
8,297,309,49
8,298,99,72
8,299,413,75
8,300,458,43
9,1,467,47
9,2,458,89
9,3,296,54
9,4,365,63
9,5,272,82
9,6,22,87
9,7,388,61
9,8,379,48
9,9,231,31
9,10,496,64
9,11,138,42
9,12,248,74
9,13,196,95
9,14,239,95
9,15,106,85
9,16,24,86
9,17,212,39
9,18,89,75
9,19,26,60
9,20,52,83
9,21,136,86
9,22,209,99
9,23,372,81
9,24,1,69
9,25,139,32
9,26,498,21
9,27,333,70
9,28,429,56
9,29,382,59
9,30,375,62
9,31,215,42
9,32,136,92
9,33,118,34
9,34,138,52
9,35,101,64
9,36,100,49
9,37,299,24
9,38,233,87
9,39,31,28
9,40,466,26
9,41,407,63
9,42,37,50
9,43,413,97
9,44,313,58
9,45,84,51
9,46,212,31
9,47,22,85
9,48,352,42
9,49,171,97
9,50,415,97
9,51,173,100
9,52,298,88
9,53,292,80
9,54,142,59
9,55,428,49
9,56,210,55
9,57,137,33
9,58,191,77
9,59,447,51
9,60,264,93
9,61,438,54
9,62,488,97
9,63,495,28
9,64,344,30
9,65,194,28
9,66,310,72
9,67,6,40
9,68,176,22
9,69,153,39
9,70,407,31
9,71,174,63
9,72,179,39
9,73,133,97
9,74,46,34
9,75,96,66
9,76,404,81
9,77,491,77
9,78,352,87
9,79,113,49
9,80,3,97
9,81,290,60
9,82,92,71
9,83,281,89
9,84,282,24
9,85,0,98
9,86,485,25
9,87,34,96
9,88,33,83
9,89,489,78
9,90,62,43
9,91,254,33
9,92,179,91
9,93,451,58
9,94,299,93
9,95,287,21
9,96,193,20
9,97,487,21
9,98,467,100
9,99,409,60
9,100,285,100
9,101,105,47
9,102,113,88
9,103,37,96
9,104,344,90
9,105,192,43
9,106,148,20
9,107,267,68
9,108,79,83
9,109,257,29
9,110,144,35
9,111,30,54
9,112,349,57
9,113,345,51
9,114,55,43
9,115,389,27
9,116,318,20
9,117,458,73
9,118,94,71
9,119,253,87
9,120,261,97
9,121,157,85
9,122,154,47
9,123,96,31
9,124,395,74
9,125,189,21
9,126,139,88
9,127,308,56
9,128,366,46
9,129,216,29
9,130,392,49
9,131,438,46
9,132,289,29
9,133,168,92
9,134,475,85
9,135,95,43
9,136,340,22
9,137,392,67
9,138,492,64
9,139,11,39
9,140,317,57
9,141,489,45
9,142,335,95
9,143,217,59
9,144,6,49
9,145,379,44
9,146,356,64
9,147,422,89
9,148,460,62
9,149,495,75
9,150,82,72
9,151,302,37
9,152,165,93
9,153,345,47
9,154,173,56
9,155,219,49
9,156,433,88
9,157,81,77
9,158,479,71
9,159,207,62
9,160,442,33
9,161,243,66
9,162,290,67
9,163,275,53
9,164,290,46
9,165,296,94
9,166,178,21
9,167,207,26
9,168,331,55
9,169,267,45
9,170,116,52
9,171,355,31
9,172,357,98
9,173,365,56
9,174,274,58
9,175,40,90
9,176,7,72
9,177,444,20
9,178,55,45
9,179,304,32
9,180,38,58
9,181,4,69
9,182,159,74
9,183,16,75
9,184,78,27
9,185,248,93
9,186,57,42
9,187,389,42
9,188,348,93
9,189,12,60
9,190,345,47
9,191,1,53
9,192,469,27
9,193,256,42
9,194,471,87
9,195,409,39
9,196,72,46
9,197,303,27
9,198,160,59
9,199,248,60
9,200,136,72
9,201,496,56
9,202,200,57
9,203,236,74
9,204,28,95
9,205,495,60
9,206,12,25
9,207,448,27
9,208,262,71
9,209,175,29
9,210,490,31
9,211,249,51
9,212,103,48
9,213,32,29
9,214,281,79
9,215,13,95
9,216,352,44
9,217,113,59
9,218,17,36
9,219,37,57
9,220,129,99
9,221,48,90
9,222,412,39
9,223,486,78
9,224,248,25
9,225,265,55
9,226,326,54
9,227,243,33
9,228,48,40
9,229,234,55
9,230,456,53
9,231,376,48
9,232,138,39
9,233,268,96
9,234,122,42
9,235,299,58
9,236,100,71
9,237,34,73
9,238,126,31
9,239,490,32
9,240,16,63
9,241,104,48
9,242,334,100
9,243,456,34
9,244,420,37
9,245,55,26
9,246,168,31
9,247,59,49
9,248,354,63
9,249,18,42
9,250,234,36
9,251,170,61
9,252,488,32
9,253,17,98
9,254,446,48
9,255,360,61
9,256,105,32
9,257,275,98
9,258,457,37
9,259,7,87
9,260,196,53
9,261,473,66
9,262,295,65
9,263,216,81
9,264,458,75
9,265,482,82
9,266,191,38
9,267,424,27
9,268,127,100
9,269,275,88
9,270,142,83
9,271,187,37
9,272,327,71
9,273,117,94
9,274,115,27
9,275,362,66
9,276,162,61
9,277,53,41
9,278,126,38
9,279,162,96
9,280,45,44
9,281,407,32
9,282,464,20
9,283,277,59
9,284,298,91
9,285,208,88
9,286,240,73
9,287,333,52
9,288,368,46
9,289,381,91
9,290,404,70
9,291,10,62
9,292,226,95
9,293,131,82
9,294,106,86
9,295,357,96
9,296,468,95
9,297,134,50
9,298,414,45
9,299,467,51
9,300,322,46
10,1,377,38
10,2,424,74
10,3,55,49
10,4,406,34
10,5,87,61
10,6,23,84
10,7,184,71
10,8,103,84
10,9,292,56
10,10,90,34
10,11,275,58
10,12,352,30
10,13,195,96
10,14,367,83
10,15,64,51
10,16,234,64
10,17,90,85
10,18,322,94
10,19,370,78
10,20,238,64
10,21,20,34
10,22,223,34
10,23,317,27
10,24,290,95
10,25,175,98
10,26,421,31
10,27,364,28
10,28,290,68
10,29,64,50
10,30,58,60
10,31,33,22
10,32,187,26
10,33,254,90
10,34,423,20
10,35,156,35
10,36,494,67
10,37,442,85
10,38,431,53
10,39,490,89
10,40,109,53
10,41,452,92
10,42,34,85
10,43,280,81
10,44,174,89
10,45,344,44
10,46,73,33
10,47,87,96
10,48,187,35
10,49,493,74
10,50,485,90
10,51,371,59
10,52,53,98
10,53,280,45
10,54,104,45
10,55,283,90
10,56,387,32
10,57,398,97
10,58,67,80
10,59,382,35
10,60,119,71
10,61,167,38
10,62,342,25
10,63,248,23
10,64,219,93
10,65,197,76
10,66,439,67
10,67,173,39
10,68,286,31
10,69,129,80
10,70,457,70
10,71,197,69
10,72,44,80
10,73,414,29
10,74,337,90
10,75,91,47
10,76,37,70
10,77,232,83
10,78,87,81
10,79,118,93
10,80,451,20
10,81,15,24
10,82,409,69
10,83,171,32
10,84,112,64
10,85,354,83
10,86,353,41
10,87,379,50
10,88,498,87
10,89,157,42
10,90,153,100
10,91,315,40
10,92,32,48
10,93,310,51
10,94,400,66
10,95,315,51
10,96,245,51
10,97,22,42
10,98,273,76
10,99,391,56
10,100,56,94
10,101,248,63
10,102,470,78
10,103,328,39
10,104,8,97
10,105,394,82
10,106,396,70
10,107,113,35
10,108,476,65
10,109,31,28
10,110,356,25
10,111,278,54
10,112,352,33
10,113,63,98
10,114,439,95
10,115,22,48
10,116,294,98
10,117,140,53
10,118,193,27
10,119,61,71
10,120,189,91
10,121,428,62
10,122,460,98
10,123,68,72
10,124,140,62
10,125,168,76
10,126,190,52
10,127,288,80
10,128,289,73
10,129,220,83
10,130,21,56
10,131,326,99
10,132,419,41
10,133,496,50
10,134,44,95
10,135,21,83
10,136,336,97
10,137,311,36
10,138,439,82
10,139,415,59
10,140,348,58
10,141,400,43
10,142,268,22
10,143,11,86
10,144,341,88
10,145,357,85
10,146,340,43
10,147,290,35
10,148,190,33
10,149,343,21
10,150,36,28
10,151,154,81
10,152,211,50
10,153,19,59
10,154,192,66
10,155,324,82
10,156,78,22
10,157,270,91
10,158,177,64
10,159,458,21
10,160,346,74
10,161,275,72
10,162,462,57
10,163,405,63
10,164,134,27
10,165,49,67
10,166,148,36
10,167,249,93
10,168,427,86
10,169,41,92
10,170,61,97
10,171,476,48
10,172,28,40
10,173,306,89
10,174,54,52
10,175,393,100
10,176,241,23
10,177,422,54
10,178,104,40
10,179,130,47
10,180,184,62
10,181,5,45
10,182,423,93
10,183,92,75
10,184,494,100
10,185,387,99
10,186,354,43
10,187,271,40
10,188,77,52
10,189,61,88
10,190,142,43
10,191,112,58
10,192,158,56
10,193,209,81
10,194,161,77
10,195,327,46
10,196,168,34
10,197,169,92
10,198,240,94
10,199,230,53
10,200,245,73
10,201,385,67
10,202,77,38
10,203,259,86
10,204,283,66
10,205,408,31
10,206,380,70
10,207,388,39
10,208,126,20
10,209,417,31
10,210,62,91
10,211,428,25
10,212,177,75
10,213,13,94
10,214,337,95
10,215,467,38
10,216,219,40
10,217,363,26
10,218,296,91
10,219,229,55
10,220,360,74
10,221,312,91
10,222,302,49
10,223,146,64
10,224,382,74
10,225,24,28
10,226,487,34
10,227,485,95
10,228,158,44
10,229,402,45
10,230,370,37
10,231,72,91
10,232,222,95
10,233,39,81
10,234,250,71
10,235,482,77
10,236,441,82
10,237,327,67
10,238,204,93
10,239,351,32
10,240,104,45
10,241,432,38
10,242,344,25
10,243,33,74
10,244,38,49
10,245,238,22
10,246,124,72
10,247,80,93
10,248,78,29
10,249,428,32
10,250,301,56
10,251,208,29
10,252,230,65
10,253,323,57
10,254,222,74
10,255,354,92
10,256,311,28
10,257,10,78
10,258,351,69
10,259,38,47
10,260,320,37
10,261,158,23
10,262,321,62
10,263,462,57
10,264,281,75
10,265,431,89
10,266,358,47
10,267,39,80
10,268,434,25
10,269,229,69
10,270,301,37
10,271,31,36
10,272,274,61
10,273,118,44
10,274,81,40
10,275,112,58
10,276,327,77
10,277,27,68
10,278,210,48
10,279,379,62
10,280,461,66
10,281,12,54
10,282,149,27
10,283,76,57
10,284,202,65
10,285,107,38
10,286,171,61
10,287,244,81
10,288,351,88
10,289,142,67
10,290,12,69
10,291,253,24
10,292,339,31
10,293,353,59
10,294,95,22
10,295,48,24
10,296,358,23
10,297,93,92
10,298,270,55
10,299,277,64
10,300,436,45
